size,triangle_ops,triangle_ops_incl,cueq,torch
128,0.14319999516010284,0.3258560001850128,0.369391992688179,0.20745600014925003
192,0.16470399498939514,0.34328000247478485,0.3683519959449768,0.4091840088367462
256,0.1977280005812645,0.3686559945344925,0.3834879994392395,0.7410399913787842
384,0.3663039952516556,0.5392960011959076,0.48785600066185,1.7086719870567322
512,0.5704960227012634,0.7702080011367798,0.7117439806461334,3.4018399715423584
768,1.283743977546692,1.4908959865570068,1.613647997379303,12.055488109588623
1024,2.4153599739074707,2.605936050415039,2.9523520469665527,23.067999839782715
1536,5.807471990585327,6.529967784881592,7.3109118938446045,nan
2048,12.00929594039917,11.474607944488525,14.688384056091309,nan
