size,triangle_ops,triangle_ops_incl,cueq,torch
128,0.08708800002932549,0.18481599539518356,0.3277280032634735,0.15636800229549408
192,0.08595199882984161,0.17952000349760056,0.3359200060367584,0.15944000333547592
256,0.09419200196862221,0.18220800161361694,0.33431999385356903,0.21001599729061127
384,0.13126399368047714,0.21758399903774261,0.33739200234413147,0.3503519892692566
512,0.18156800419092178,0.2673119902610779,0.39951999485492706,0.5455839931964874
768,0.2945760041475296,0.3789919912815094,0.6206240057945251,1.1004480123519897
1024,0.495728000998497,0.5828319787979126,0.9569120109081268,1.8830559849739075
1536,0.9790399968624115,1.07014399766922,1.8615999817848206,nan
2048,1.8437600135803223,2.047792077064514,3.1684319972991943,nan
