size,triangle_ops,triangle_ops_incl,cueq,torch
128,0.1379680037498474,0.31990399956703186,0.3622080087661743,0.20716800540685654
192,0.159231998026371,0.33528000116348267,0.36689598858356476,0.4084800034761429
256,0.1969279944896698,0.3652479946613312,0.3797919899225235,0.7332479953765869
384,0.35704000294208527,0.5282559990882874,0.48396800458431244,1.7091999650001526
512,0.5673120021820068,0.751583993434906,0.692192018032074,3.4116640090942383
768,1.2299999594688416,1.4449920058250427,1.5924319624900818,12.05024003982544
1024,2.3945120573043823,2.5690560340881348,2.9453279972076416,23.074880599975586
1536,6.012752056121826,6.145103931427002,7.108128070831299,nan
2048,11.448815822601318,11.780719757080078,13.774799823760986,nan
