size,triangle_ops,triangle_ops_incl,cueq,torch
128,0.14459200203418732,0.36499200761318207,0.26660799980163574,0.22619199752807617
192,0.2306239977478981,0.44200000166893005,0.32126399874687195,0.5217120051383972
256,0.37006400525569916,0.5796160101890564,0.5406880080699921,1.0138559937477112
384,1.0300480127334595,1.264847993850708,1.3662239909172058,2.988800048828125
512,2.3847678899765015,2.590399980545044,2.622928023338318,6.355952024459839
768,7.316320180892944,7.521903991699219,7.482576131820679,19.825200080871582
1024,16.099472045898438,17.20584011077881,15.019664287567139,45.12353706359863
1536,50.92734336853027,52.28752136230469,48.305246353149414,nan
2048,125.31150436401367,123.57514953613281,117.04817581176758,nan
