size,triangle_ops,triangle_ops_incl,cueq,torch
128,0.14054400473833084,0.31484800577163696,0.35415999591350555,0.20398399978876114
192,0.15692799538373947,0.3340959995985031,0.35606400668621063,0.4023679941892624
256,0.19552000612020493,0.36039999127388,0.3701919913291931,0.7347200214862823
384,0.35465599596500397,0.5228799879550934,0.48089599609375,1.7048159837722778
512,0.567903995513916,0.7595199942588806,0.7170400023460388,3.411695957183838
768,1.2579839825630188,1.481711983680725,1.6103200316429138,12.055840015411377
1024,2.428048014640808,2.6121599674224854,2.945728063583374,23.06715202331543
1536,5.788415908813477,6.0639519691467285,7.170896053314209,nan
2048,11.90774393081665,11.985936164855957,13.841408252716064,nan
