size,triangle_ops,cueq,torch
128,0.14828800410032272,0.27903999388217926,0.23075200617313385
192,0.23183999955654144,0.33454400300979614,0.5236319899559021
256,0.36580801010131836,0.5282880067825317,1.0161280035972595
384,1.0131360292434692,1.406607985496521,2.9927520751953125
512,2.421056032180786,2.6489439010620117,6.39739203453064
768,7.3738720417022705,6.984623908996582,20.59489631652832
1024,15.920703887939453,15.044928073883057,45.48819160461426
1536,52.14753532409668,47.18067169189453,nan
2048,126.2437744140625,117.54790115356445,nan
