size,triangle_ops,triangle_ops_incl,cueq,torch
128,0.14294399321079254,0.3601759970188141,0.27081599831581116,0.22417599707841873
192,0.22420799732208252,0.43367999792099,0.3181280046701431,0.5079199969768524
256,0.3704160004854202,0.5785279870033264,0.5379199981689453,1.0130240321159363
384,1.027616024017334,1.2828480005264282,1.3703519701957703,2.992735981941223
512,2.438464045524597,2.585647940635681,2.6115200519561768,6.379519939422607
768,7.346143960952759,7.539695978164673,7.488032102584839,20.02724838256836
1024,16.13263988494873,17.375375747680664,15.066128253936768,45.247873306274414
1536,51.05636787414551,52.61417579650879,48.26652908325195,nan
2048,126.6759033203125,125.53619384765625,118.85961532592773,nan
